Region,Province,Year,Annual Per Capita Poverty Threshold,Poverty Incidence Among Families (%),Magnitude of Poor Families (1000)
NCR,1st District,2015,28682.0,2.0,9.01
NCR,1st District,2016,28682.0,2.0,9.01
NCR,1st District,2017,28682.0,2.0,9.01
NCR,1st District,2018,28682.0,2.0,9.01
NCR,1st District,2019,30114.0,1.6666666666666667,7.77
NCR,1st District,2020,31546.0,1.3333333333333335,6.529999999999999
NCR,1st District,2021,32978.0,1.0,5.29
NCR,1st District,2022,35344.5,1.3,6.710000000000001
NCR,1st District,2023,37711.0,1.6,8.13
NCR,1st District,2024,37711.0,1.6,8.13
NCR,1st District,2025,37711.0,1.6,8.13
NCR,2nd District,2015,28682.0,1.0,16.47
NCR,2nd District,2016,28682.0,1.0,16.47
NCR,2nd District,2017,28682.0,1.0,16.47
NCR,2nd District,2018,28682.0,1.0,16.47
NCR,2nd District,2019,30114.0,1.3333333333333333,17.576666666666664
NCR,2nd District,2020,31546.0,1.6666666666666665,18.683333333333334
NCR,2nd District,2021,32978.0,2.0,19.79
NCR,2nd District,2022,35344.5,1.45,15.515
NCR,2nd District,2023,37711.0,0.9,11.24
NCR,2nd District,2024,37711.0,0.9,11.24
NCR,2nd District,2025,37711.0,0.9,11.24
NCR,3rd District,2015,28682.0,2.0,15.11
NCR,3rd District,2016,28682.0,2.0,15.11
NCR,3rd District,2017,28682.0,2.0,15.11
NCR,3rd District,2018,28682.0,2.0,15.11
NCR,3rd District,2019,30114.0,2.3333333333333335,17.86
NCR,3rd District,2020,31546.0,2.6666666666666665,20.61
NCR,3rd District,2021,32978.0,3.0,23.36
NCR,3rd District,2022,35344.5,2.3,17.595
NCR,3rd District,2023,37711.0,1.6,11.83
NCR,3rd District,2024,37711.0,1.6,11.83
NCR,3rd District,2025,37711.0,1.6,11.83
NCR,4th District,2015,28682.0,1.0,7.0
NCR,4th District,2016,28682.0,1.0,7.0
NCR,4th District,2017,28682.0,1.0,7.0
NCR,4th District,2018,28682.0,1.0,7.0
NCR,4th District,2019,30114.0,1.6666666666666665,13.906666666666666
NCR,4th District,2020,31546.0,2.333333333333333,20.813333333333333
NCR,4th District,2021,32978.0,3.0,27.72
NCR,4th District,2022,35344.5,1.95,18.905
NCR,4th District,2023,37711.0,0.9,10.09
NCR,4th District,2024,37711.0,0.9,10.09
NCR,4th District,2025,37711.0,0.9,10.09
CAR,Abra,2015,23596.0,15.0,8.19
CAR,Abra,2016,23596.0,15.0,8.19
CAR,Abra,2017,23596.0,15.0,8.19
CAR,Abra,2018,23596.0,15.0,8.19
CAR,Abra,2019,25504.333333333332,15.333333333333334,8.523333333333333
CAR,Abra,2020,27412.666666666668,15.666666666666666,8.856666666666666
CAR,Abra,2021,29321.0,16.0,9.19
CAR,Abra,2022,30040.0,12.7,7.395
CAR,Abra,2023,30759.0,9.4,5.6
CAR,Abra,2024,30759.0,9.4,5.6
CAR,Abra,2025,30759.0,9.4,5.6
Region XIII,Agusan del Norte,2015,23775.0,18.9,31.62
Region XIII,Agusan del Norte,2016,23775.0,18.9,31.62
Region XIII,Agusan del Norte,2017,23775.0,18.9,31.62
Region XIII,Agusan del Norte,2018,23775.0,18.9,31.62
Region XIII,Agusan del Norte,2019,25090.666666666668,20.433333333333334,35.17
Region XIII,Agusan del Norte,2020,26406.333333333332,21.966666666666665,38.72
Region XIII,Agusan del Norte,2021,27722.0,23.5,42.27
Region XIII,Agusan del Norte,2022,28494.0,19.1,34.985
Region XIII,Agusan del Norte,2023,29266.0,14.7,27.7
Region XIII,Agusan del Norte,2024,29266.0,14.7,27.7
Region XIII,Agusan del Norte,2025,29266.0,14.7,27.7
Region XIII,Agusan del Sur,2015,24655.0,30.6,50.49
Region XIII,Agusan del Sur,2016,24655.0,30.6,50.49
Region XIII,Agusan del Sur,2017,24655.0,30.6,50.49
Region XIII,Agusan del Sur,2018,24655.0,30.6,50.49
Region XIII,Agusan del Sur,2019,25710.333333333332,31.533333333333335,53.31666666666667
Region XIII,Agusan del Sur,2020,26765.666666666668,32.46666666666667,56.14333333333333
Region XIII,Agusan del Sur,2021,27821.0,33.4,58.97
Region XIII,Agusan del Sur,2022,28515.5,28.4,51.04
Region XIII,Agusan del Sur,2023,29210.0,23.4,43.11
Region XIII,Agusan del Sur,2024,29210.0,23.4,43.11
Region XIII,Agusan del Sur,2025,29210.0,23.4,43.11
Region VI,Aklan,2015,23745.0,9.0,12.59
Region VI,Aklan,2016,23745.0,9.0,12.59
Region VI,Aklan,2017,23745.0,9.0,12.59
Region VI,Aklan,2018,23745.0,9.0,12.59
Region VI,Aklan,2019,24775.666666666668,10.666666666666666,15.556666666666667
Region VI,Aklan,2020,25806.333333333332,12.333333333333334,18.523333333333333
Region VI,Aklan,2021,26837.0,14.0,21.49
Region VI,Aklan,2022,28487.5,8.55,13.245
Region VI,Aklan,2023,30138.0,3.1,5.0
Region VI,Aklan,2024,30138.0,3.1,5.0
Region VI,Aklan,2025,30138.0,3.1,5.0
Region V,Albay,2015,24902.0,15.0,43.42
Region V,Albay,2016,24902.0,15.0,43.42
Region V,Albay,2017,24902.0,15.0,43.42
Region V,Albay,2018,24902.0,15.0,43.42
Region V,Albay,2019,25716.666666666668,15.0,44.553333333333335
Region V,Albay,2020,26531.333333333332,15.0,45.68666666666667
Region V,Albay,2021,27346.0,15.0,46.82
Region V,Albay,2022,31255.0,16.55,51.535
Region V,Albay,2023,35164.0,18.1,56.25
Region V,Albay,2024,35164.0,18.1,56.25
Region V,Albay,2025,35164.0,18.1,56.25
Region VI,Antique,2015,24023.0,13.0,17.77
Region VI,Antique,2016,24023.0,13.0,17.77
Region VI,Antique,2017,24023.0,13.0,17.77
Region VI,Antique,2018,24023.0,13.0,17.77
Region VI,Antique,2019,24893.0,14.666666666666666,20.726666666666667
Region VI,Antique,2020,25763.0,16.333333333333332,23.683333333333334
Region VI,Antique,2021,26633.0,18.0,26.64
Region VI,Antique,2022,29769.0,15.9,23.72
Region VI,Antique,2023,32905.0,13.8,20.8
Region VI,Antique,2024,32905.0,13.8,20.8
Region VI,Antique,2025,32905.0,13.8,20.8
CAR,Apayao,2015,23135.0,16.0,4.27
CAR,Apayao,2016,23135.0,16.0,4.27
CAR,Apayao,2017,23135.0,16.0,4.27
CAR,Apayao,2018,23135.0,16.0,4.27
CAR,Apayao,2019,23988.0,12.333333333333334,3.28
CAR,Apayao,2020,24841.0,8.666666666666668,2.29
CAR,Apayao,2021,25694.0,5.0,1.3
CAR,Apayao,2022,27789.0,4.5,1.23
CAR,Apayao,2023,29884.0,4.0,1.16
CAR,Apayao,2024,29884.0,4.0,1.16
CAR,Apayao,2025,29884.0,4.0,1.16
Region III,Aurora,2015,25219.0,12.0,6.1
Region III,Aurora,2016,25219.0,12.0,6.1
Region III,Aurora,2017,25219.0,12.0,6.1
Region III,Aurora,2018,25219.0,12.0,6.1
Region III,Aurora,2019,26906.666666666668,13.666666666666666,7.11
Region III,Aurora,2020,28594.333333333332,15.333333333333334,8.120000000000001
Region III,Aurora,2021,30282.0,17.0,9.13
Region III,Aurora,2022,31727.0,14.0,7.7
Region III,Aurora,2023,33172.0,11.0,6.27
Region III,Aurora,2024,33172.0,11.0,6.27
Region III,Aurora,2025,33172.0,11.0,6.27
BARMM,Basilan,2015,26951.0,66.3,41.98
BARMM,Basilan,2016,26951.0,66.3,41.98
BARMM,Basilan,2017,26951.0,66.3,41.98
BARMM,Basilan,2018,26951.0,66.3,41.98
BARMM,Basilan,2019,26876.666666666668,58.36666666666667,37.483333333333334
BARMM,Basilan,2020,26802.333333333332,50.43333333333333,32.986666666666665
BARMM,Basilan,2021,26728.0,42.5,28.49
BARMM,Basilan,2022,29152.5,38.1,26.005
BARMM,Basilan,2023,31577.0,33.7,23.52
BARMM,Basilan,2024,31577.0,33.7,23.52
BARMM,Basilan,2025,31577.0,33.7,23.52
Region III,Bataan,2015,29496.0,6.0,10.93
Region III,Bataan,2016,29496.0,6.0,10.93
Region III,Bataan,2017,29496.0,6.0,10.93
Region III,Bataan,2018,29496.0,6.0,10.93
Region III,Bataan,2019,30012.666666666668,7.0,13.466666666666667
Region III,Bataan,2020,30529.333333333332,8.0,16.003333333333334
Region III,Bataan,2021,31046.0,9.0,18.54
Region III,Bataan,2022,33434.0,7.8,16.314999999999998
Region III,Bataan,2023,35822.0,6.6,14.09
Region III,Bataan,2024,35822.0,6.6,14.09
Region III,Bataan,2025,35822.0,6.6,14.09
Region II,Batanes,2015,37540.0,7.0,0.33
Region II,Batanes,2016,37540.0,7.0,0.33
Region II,Batanes,2017,37540.0,7.0,0.33
Region II,Batanes,2018,37540.0,7.0,0.33
Region II,Batanes,2019,36876.666666666664,5.666666666666667,0.26666666666666666
Region II,Batanes,2020,36213.333333333336,4.333333333333334,0.20333333333333334
Region II,Batanes,2021,35550.0,3.0,0.14
Region II,Batanes,2022,37688.0,3.15,0.165
Region II,Batanes,2023,39826.0,3.3,0.19
Region II,Batanes,2024,39826.0,3.3,0.19
Region II,Batanes,2025,39826.0,3.3,0.19
Region IV-A,Batangas,2015,33068.0,9.0,58.42
Region IV-A,Batangas,2016,33068.0,9.0,58.42
Region IV-A,Batangas,2017,33068.0,9.0,58.42
Region IV-A,Batangas,2018,33068.0,9.0,58.42
Region IV-A,Batangas,2019,32321.333333333332,7.333333333333333,49.70666666666667
Region IV-A,Batangas,2020,31574.666666666668,5.666666666666666,40.99333333333334
Region IV-A,Batangas,2021,30828.0,4.0,32.28
Region IV-A,Batangas,2022,33104.0,4.45,35.900000000000006
Region IV-A,Batangas,2023,35380.0,4.9,39.52
Region IV-A,Batangas,2024,35380.0,4.9,39.52
Region IV-A,Batangas,2025,35380.0,4.9,39.52
CAR,Benguet,2015,24158.0,4.0,9.09
CAR,Benguet,2016,24158.0,4.0,9.09
CAR,Benguet,2017,24158.0,4.0,9.09
CAR,Benguet,2018,24158.0,4.0,9.09
CAR,Benguet,2019,25278.333333333332,4.0,9.063333333333333
CAR,Benguet,2020,26398.666666666668,4.0,9.036666666666667
CAR,Benguet,2021,27519.0,4.0,9.01
CAR,Benguet,2022,29381.0,3.25,7.58
CAR,Benguet,2023,31243.0,2.5,6.15
CAR,Benguet,2024,31243.0,2.5,6.15
CAR,Benguet,2025,31243.0,2.5,6.15
Region VIII,Biliran,2015,24216.0,14.0,5.63
Region VIII,Biliran,2016,24216.0,14.0,5.63
Region VIII,Biliran,2017,24216.0,14.0,5.63
Region VIII,Biliran,2018,24216.0,14.0,5.63
Region VIII,Biliran,2019,25575.0,16.0,6.6466666666666665
Region VIII,Biliran,2020,26934.0,18.0,7.663333333333333
Region VIII,Biliran,2021,28293.0,20.0,8.68
Region VIII,Biliran,2022,28533.0,14.25,6.25
Region VIII,Biliran,2023,28773.0,8.5,3.82
Region VIII,Biliran,2024,28773.0,8.5,3.82
Region VIII,Biliran,2025,28773.0,8.5,3.82
Region VII,Bohol,2015,26108.0,16.0,47.36
Region VII,Bohol,2016,26108.0,16.0,47.36
Region VII,Bohol,2017,26108.0,16.0,47.36
Region VII,Bohol,2018,26108.0,16.0,47.36
Region VII,Bohol,2019,26356.333333333332,17.0,52.056666666666665
Region VII,Bohol,2020,26604.666666666668,18.0,56.75333333333334
Region VII,Bohol,2021,26853.0,19.0,61.45
Region VII,Bohol,2022,28917.0,16.9,55.325
Region VII,Bohol,2023,30981.0,14.8,49.2
Region VII,Bohol,2024,30981.0,14.8,49.2
Region VII,Bohol,2025,30981.0,14.8,49.2
Region X,Bukidnon,2015,25624.0,22.0,73.42
Region X,Bukidnon,2016,25624.0,22.0,73.42
Region X,Bukidnon,2017,25624.0,22.0,73.42
Region X,Bukidnon,2018,25624.0,22.0,73.42
Region X,Bukidnon,2019,26762.666666666668,22.333333333333332,75.59
Region X,Bukidnon,2020,27901.333333333332,22.666666666666668,77.76
Region X,Bukidnon,2021,29040.0,23.0,79.93
Region X,Bukidnon,2022,31016.0,21.6,76.715
Region X,Bukidnon,2023,32992.0,20.2,73.5
Region X,Bukidnon,2024,32992.0,20.2,73.5
Region X,Bukidnon,2025,32992.0,20.2,73.5
Region III,Bulacan,2015,27244.0,4.0,28.74
Region III,Bulacan,2016,27244.0,4.0,28.74
Region III,Bulacan,2017,27244.0,4.0,28.74
Region III,Bulacan,2018,27244.0,4.0,28.74
Region III,Bulacan,2019,29359.666666666668,5.333333333333333,43.54333333333334
Region III,Bulacan,2020,31475.333333333332,6.666666666666666,58.34666666666667
Region III,Bulacan,2021,33591.0,8.0,73.15
Region III,Bulacan,2022,37551.0,7.0,64.42
Region III,Bulacan,2023,41511.0,6.0,55.69
Region III,Bulacan,2024,41511.0,6.0,55.69
Region III,Bulacan,2025,41511.0,6.0,55.69
Region II,Cagayan,2015,24759.0,13.0,35.84
Region II,Cagayan,2016,24759.0,13.0,35.84
Region II,Cagayan,2017,24759.0,13.0,35.84
Region II,Cagayan,2018,24759.0,13.0,35.84
Region II,Cagayan,2019,25490.666666666668,11.0,31.17666666666667
Region II,Cagayan,2020,26222.333333333332,9.0,26.513333333333335
Region II,Cagayan,2021,26954.0,7.0,21.85
Region II,Cagayan,2022,28504.5,6.35,19.68
Region II,Cagayan,2023,30055.0,5.7,17.51
Region II,Cagayan,2024,30055.0,5.7,17.51
Region II,Cagayan,2025,30055.0,5.7,17.51
Region V,Camarines Norte,2015,25051.0,22.0,30.88
Region V,Camarines Norte,2016,25051.0,22.0,30.88
Region V,Camarines Norte,2017,25051.0,22.0,30.88
Region V,Camarines Norte,2018,25051.0,22.0,30.88
Region V,Camarines Norte,2019,25891.0,20.333333333333332,28.683333333333334
Region V,Camarines Norte,2020,26731.0,18.666666666666668,26.486666666666665
Region V,Camarines Norte,2021,27571.0,17.0,24.29
Region V,Camarines Norte,2022,30659.0,17.35,25.56
Region V,Camarines Norte,2023,33747.0,17.7,26.83
Region V,Camarines Norte,2024,33747.0,17.7,26.83
Region V,Camarines Norte,2025,33747.0,17.7,26.83
Region V,Camarines Sur,2015,24271.0,21.0,88.34
Region V,Camarines Sur,2016,24271.0,21.0,88.34
Region V,Camarines Sur,2017,24271.0,21.0,88.34
Region V,Camarines Sur,2018,24271.0,21.0,88.34
Region V,Camarines Sur,2019,25731.0,24.0,102.59333333333333
Region V,Camarines Sur,2020,27191.0,27.0,116.84666666666666
Region V,Camarines Sur,2021,28651.0,30.0,131.1
Region V,Camarines Sur,2022,31281.0,26.2,116.22999999999999
Region V,Camarines Sur,2023,33911.0,22.4,101.36
Region V,Camarines Sur,2024,33911.0,22.4,101.36
Region V,Camarines Sur,2025,33911.0,22.4,101.36
Region X,Camiguin,2015,26042.0,18.0,3.81
Region X,Camiguin,2016,26042.0,18.0,3.81
Region X,Camiguin,2017,26042.0,18.0,3.81
Region X,Camiguin,2018,26042.0,18.0,3.81
Region X,Camiguin,2019,26866.0,17.0,3.6333333333333333
Region X,Camiguin,2020,27690.0,16.0,3.4566666666666666
Region X,Camiguin,2021,28514.0,15.0,3.28
Region X,Camiguin,2022,30394.5,12.2,2.715
Region X,Camiguin,2023,32275.0,9.4,2.15
Region X,Camiguin,2024,32275.0,9.4,2.15
Region X,Camiguin,2025,32275.0,9.4,2.15
Region VI,Capiz,2015,22669.0,4.0,7.9
Region VI,Capiz,2016,22669.0,4.0,7.9
Region VI,Capiz,2017,22669.0,4.0,7.9
Region VI,Capiz,2018,22669.0,4.0,7.9
Region VI,Capiz,2019,24010.0,4.666666666666667,9.476666666666667
Region VI,Capiz,2020,25351.0,5.333333333333333,11.053333333333335
Region VI,Capiz,2021,26692.0,6.0,12.63
Region VI,Capiz,2022,29966.5,7.9,17.01
Region VI,Capiz,2023,33241.0,9.8,21.39
Region VI,Capiz,2024,33241.0,9.8,21.39
Region VI,Capiz,2025,33241.0,9.8,21.39
Region V,Catanduanes,2015,24380.0,14.0,8.2
Region V,Catanduanes,2016,24380.0,14.0,8.2
Region V,Catanduanes,2017,24380.0,14.0,8.2
Region V,Catanduanes,2018,24380.0,14.0,8.2
Region V,Catanduanes,2019,25591.333333333332,15.0,8.79
Region V,Catanduanes,2020,26802.666666666668,16.0,9.38
Region V,Catanduanes,2021,28014.0,17.0,9.97
Region V,Catanduanes,2022,29923.0,20.25,12.145
Region V,Catanduanes,2023,31832.0,23.5,14.32
Region V,Catanduanes,2024,31832.0,23.5,14.32
Region V,Catanduanes,2025,31832.0,23.5,14.32
Region IV-A,Cavite,2015,29157.0,4.0,36.77
Region IV-A,Cavite,2016,29157.0,4.0,36.77
Region IV-A,Cavite,2017,29157.0,4.0,36.77
Region IV-A,Cavite,2018,29157.0,4.0,36.77
Region IV-A,Cavite,2019,31385.666666666668,5.0,50.196666666666665
Region IV-A,Cavite,2020,33614.333333333336,6.0,63.623333333333335
Region IV-A,Cavite,2021,35843.0,7.0,77.05
Region IV-A,Cavite,2022,38800.0,5.65,63.445
Region IV-A,Cavite,2023,41757.0,4.3,49.84
Region IV-A,Cavite,2024,41757.0,4.3,49.84
Region IV-A,Cavite,2025,41757.0,4.3,49.84
Region VII,Cebu,2015,25914.0,11.0,133.95
Region VII,Cebu,2016,25914.0,11.0,133.95
Region VII,Cebu,2017,25914.0,11.0,133.95
Region VII,Cebu,2018,25914.0,11.0,133.95
Region VII,Cebu,2019,28495.0,15.0,186.82999999999998
Region VII,Cebu,2020,31076.0,19.0,239.70999999999998
Region VII,Cebu,2021,33657.0,23.0,292.59
Region VII,Cebu,2022,34631.0,17.35,225.02499999999998
Region VII,Cebu,2023,35605.0,11.7,157.46
Region VII,Cebu,2024,35605.0,11.7,157.46
Region VII,Cebu,2025,35605.0,11.7,157.46
Region XII,Cotabato,2015,25020.0,23.6,83.1
Region XII,Cotabato,2016,25020.0,23.6,83.1
Region XII,Cotabato,2017,25020.0,23.6,83.1
Region XII,Cotabato,2018,25020.0,23.6,83.1
Region XII,Cotabato,2019,25837.666666666668,23.6,85.42999999999999
Region XII,Cotabato,2020,26655.333333333332,23.6,87.76
Region XII,Cotabato,2021,27473.0,23.6,90.09
Region XII,Cotabato,2022,29374.5,20.8,76.265
Region XII,Cotabato,2023,31276.0,18.0,62.44
Region XII,Cotabato,2024,31276.0,18.0,62.44
Region XII,Cotabato,2025,31276.0,18.0,62.44
BARMM,Cotabato City,2015,30349.0,35.2,20.85
BARMM,Cotabato City,2016,30349.0,35.2,20.85
BARMM,Cotabato City,2017,30349.0,35.2,20.85
BARMM,Cotabato City,2018,30349.0,35.2,20.85
BARMM,Cotabato City,2019,31529.333333333332,33.900000000000006,20.28666666666667
BARMM,Cotabato City,2020,32709.666666666668,32.6,19.723333333333333
BARMM,Cotabato City,2021,33890.0,31.3,19.16
BARMM,Cotabato City,2022,36231.0,32.3,19.865000000000002
BARMM,Cotabato City,2023,38572.0,33.3,20.57
BARMM,Cotabato City,2024,38572.0,33.3,20.57
BARMM,Cotabato City,2025,38572.0,33.3,20.57
Region XI,Davao Occidental,2015,25356.0,31.9,47.02
Region XI,Davao Occidental,2016,25356.0,31.9,47.02
Region XI,Davao Occidental,2017,25356.0,31.9,47.02
Region XI,Davao Occidental,2018,25356.0,31.9,47.02
Region XI,Davao Occidental,2019,26407.666666666668,32.766666666666666,41.02666666666667
Region XI,Davao Occidental,2020,27459.333333333332,33.63333333333333,35.03333333333333
Region XI,Davao Occidental,2021,28511.0,34.5,29.04
Region XI,Davao Occidental,2022,28708.0,27.15,23.02
Region XI,Davao Occidental,2023,28905.0,19.8,17.0
Region XI,Davao Occidental,2024,28905.0,19.8,17.0
Region XI,Davao Occidental,2025,28905.0,19.8,17.0
Region XI,Davao Oriental,2015,26347.0,28.0,21.55
Region XI,Davao Oriental,2016,26347.0,28.0,21.55
Region XI,Davao Oriental,2017,26347.0,28.0,21.55
Region XI,Davao Oriental,2018,26347.0,28.0,21.55
Region XI,Davao Oriental,2019,26833.333333333332,26.0,25.13
Region XI,Davao Oriental,2020,27319.666666666668,24.0,28.71
Region XI,Davao Oriental,2021,27806.0,22.0,32.29
Region XI,Davao Oriental,2022,30711.5,25.55,38.57
Region XI,Davao Oriental,2023,33617.0,29.1,44.85
Region XI,Davao Oriental,2024,33617.0,29.1,44.85
Region XI,Davao Oriental,2025,33617.0,29.1,44.85
Region XI,Davao de Oro,2015,25867.0,18.6,33.23
Region XI,Davao de Oro,2016,25867.0,18.6,33.23
Region XI,Davao de Oro,2017,25867.0,18.6,33.23
Region XI,Davao de Oro,2018,25867.0,18.6,33.23
Region XI,Davao de Oro,2019,25965.0,18.3,33.343333333333334
Region XI,Davao de Oro,2020,26063.0,18.0,33.45666666666666
Region XI,Davao de Oro,2021,26161.0,17.7,33.57
Region XI,Davao de Oro,2022,27867.0,12.399999999999999,23.695
Region XI,Davao de Oro,2023,29573.0,7.1,13.82
Region XI,Davao de Oro,2024,29573.0,7.1,13.82
Region XI,Davao de Oro,2025,29573.0,7.1,13.82
Region XI,Davao del Norte,2015,27034.0,10.0,24.98
Region XI,Davao del Norte,2016,27034.0,10.0,24.98
Region XI,Davao del Norte,2017,27034.0,10.0,24.98
Region XI,Davao del Norte,2018,27034.0,10.0,24.98
Region XI,Davao del Norte,2019,27140.666666666668,9.0,22.87
Region XI,Davao del Norte,2020,27247.333333333332,8.0,20.759999999999998
Region XI,Davao del Norte,2021,27354.0,7.0,18.65
Region XI,Davao del Norte,2022,29320.0,7.15,18.825
Region XI,Davao del Norte,2023,31286.0,7.3,19.0
Region XI,Davao del Norte,2024,31286.0,7.3,19.0
Region XI,Davao del Norte,2025,31286.0,7.3,19.0
Region XI,Davao del Sur,2015,25807.0,8.0,51.71
Region XI,Davao del Sur,2016,25807.0,8.0,51.71
Region XI,Davao del Sur,2017,25807.0,8.0,51.71
Region XI,Davao del Sur,2018,25807.0,8.0,51.71
Region XI,Davao del Sur,2019,27121.0,7.666666666666667,51.763333333333335
Region XI,Davao del Sur,2020,28435.0,7.333333333333333,51.81666666666666
Region XI,Davao del Sur,2021,29749.0,7.0,51.87
Region XI,Davao del Sur,2022,30540.0,8.05,61.30499999999999
Region XI,Davao del Sur,2023,31331.0,9.1,70.74
Region XI,Davao del Sur,2024,31331.0,9.1,70.74
Region XI,Davao del Sur,2025,31331.0,9.1,70.74
Region XIII,Dinagat Islands,2015,26409.0,26.5,7.84
Region XIII,Dinagat Islands,2016,26409.0,26.5,7.84
Region XIII,Dinagat Islands,2017,26409.0,26.5,7.84
Region XIII,Dinagat Islands,2018,26409.0,26.5,7.84
Region XIII,Dinagat Islands,2019,27241.666666666668,26.366666666666667,7.903333333333333
Region XIII,Dinagat Islands,2020,28074.333333333332,26.233333333333334,7.966666666666666
Region XIII,Dinagat Islands,2021,28907.0,26.1,8.03
Region XIII,Dinagat Islands,2022,31448.0,24.6,7.66
Region XIII,Dinagat Islands,2023,33989.0,23.1,7.29
Region XIII,Dinagat Islands,2024,33989.0,23.1,7.29
Region XIII,Dinagat Islands,2025,33989.0,23.1,7.29
Region VIII,Eastern Samar,2015,29070.0,41.0,47.96
Region VIII,Eastern Samar,2016,29070.0,41.0,47.96
Region VIII,Eastern Samar,2017,29070.0,41.0,47.96
Region VIII,Eastern Samar,2018,29070.0,41.0,47.96
Region VIII,Eastern Samar,2019,29021.333333333332,37.0,44.52333333333333
Region VIII,Eastern Samar,2020,28972.666666666668,33.0,41.086666666666666
Region VIII,Eastern Samar,2021,28924.0,29.0,37.65
Region VIII,Eastern Samar,2022,30555.5,26.85,35.620000000000005
Region VIII,Eastern Samar,2023,32187.0,24.7,33.59
Region VIII,Eastern Samar,2024,32187.0,24.7,33.59
Region VIII,Eastern Samar,2025,32187.0,24.7,33.59
Region VI,Guimaras,2015,25899.0,7.0,2.96
Region VI,Guimaras,2016,25899.0,7.0,2.96
Region VI,Guimaras,2017,25899.0,7.0,2.96
Region VI,Guimaras,2018,25899.0,7.0,2.96
Region VI,Guimaras,2019,26296.0,7.0,3.12
Region VI,Guimaras,2020,26693.0,7.0,3.28
Region VI,Guimaras,2021,27090.0,7.0,3.44
Region VI,Guimaras,2022,28968.5,5.4,2.64
Region VI,Guimaras,2023,30847.0,3.8,1.84
Region VI,Guimaras,2024,30847.0,3.8,1.84
Region VI,Guimaras,2025,30847.0,3.8,1.84
CAR,Ifugao,2015,26429.0,10.0,4.46
CAR,Ifugao,2016,26429.0,10.0,4.46
CAR,Ifugao,2017,26429.0,10.0,4.46
CAR,Ifugao,2018,26429.0,10.0,4.46
CAR,Ifugao,2019,27197.333333333332,8.666666666666666,3.9166666666666665
CAR,Ifugao,2020,27965.666666666668,7.333333333333334,3.373333333333333
CAR,Ifugao,2021,28734.0,6.0,2.83
CAR,Ifugao,2022,29364.0,5.3,2.52
CAR,Ifugao,2023,29994.0,4.6,2.21
CAR,Ifugao,2024,29994.0,4.6,2.21
CAR,Ifugao,2025,29994.0,4.6,2.21
Region I ,Ilocos Norte,2015,26711.0,3.0,4.49
Region I ,Ilocos Norte,2016,26711.0,3.0,4.49
Region I ,Ilocos Norte,2017,26711.0,3.0,4.49
Region I ,Ilocos Norte,2018,26711.0,3.0,4.49
Region I ,Ilocos Norte,2019,28151.0,2.6666666666666665,3.876666666666667
Region I ,Ilocos Norte,2020,29591.0,2.3333333333333335,3.2633333333333336
Region I ,Ilocos Norte,2021,31031.0,2.0,2.65
Region I ,Ilocos Norte,2022,33085.0,1.15,1.525
Region I ,Ilocos Norte,2023,35139.0,0.3,0.4
Region I ,Ilocos Norte,2024,35139.0,0.3,0.4
Region I ,Ilocos Norte,2025,35139.0,0.3,0.4
Region I ,Ilocos Sur,2015,24603.0,6.0,8.96
Region I ,Ilocos Sur,2016,24603.0,6.0,8.96
Region I ,Ilocos Sur,2017,24603.0,6.0,8.96
Region I ,Ilocos Sur,2018,24603.0,6.0,8.96
Region I ,Ilocos Sur,2019,27319.333333333332,8.0,12.503333333333334
Region I ,Ilocos Sur,2020,30035.666666666668,10.0,16.046666666666667
Region I ,Ilocos Sur,2021,32752.0,12.0,19.59
Region I ,Ilocos Sur,2022,34175.5,8.6,14.3
Region I ,Ilocos Sur,2023,35599.0,5.2,9.01
Region I ,Ilocos Sur,2024,35599.0,5.2,9.01
Region I ,Ilocos Sur,2025,35599.0,5.2,9.01
Region VI,Iloilo,2015,26113.0,12.0,68.98
Region VI,Iloilo,2016,26113.0,12.0,68.98
Region VI,Iloilo,2017,26113.0,12.0,68.98
Region VI,Iloilo,2018,26113.0,12.0,68.98
Region VI,Iloilo,2019,26682.333333333332,12.333333333333334,71.55333333333334
Region VI,Iloilo,2020,27251.666666666668,12.666666666666666,74.12666666666667
Region VI,Iloilo,2021,27821.0,13.0,76.7
Region VI,Iloilo,2022,30630.5,12.05,73.32
Region VI,Iloilo,2023,33440.0,11.1,69.94
Region VI,Iloilo,2024,33440.0,11.1,69.94
Region VI,Iloilo,2025,33440.0,11.1,69.94
Region II,Isabela,2015,25460.0,13.0,51.92
Region II,Isabela,2016,25460.0,13.0,51.92
Region II,Isabela,2017,25460.0,13.0,51.92
Region II,Isabela,2018,25460.0,13.0,51.92
Region II,Isabela,2019,26790.666666666668,14.0,56.6
Region II,Isabela,2020,28121.333333333332,15.0,61.279999999999994
Region II,Isabela,2021,29452.0,16.0,65.96
Region II,Isabela,2022,31976.0,12.2,50.849999999999994
Region II,Isabela,2023,34500.0,8.4,35.74
Region II,Isabela,2024,34500.0,8.4,35.74
Region II,Isabela,2025,34500.0,8.4,35.74
Region IX,Isabela City,2015,25870.0,42.0,10.24
Region IX,Isabela City,2016,25870.0,42.0,10.24
Region IX,Isabela City,2017,25870.0,42.0,10.24
Region IX,Isabela City,2018,25870.0,42.0,10.24
Region IX,Isabela City,2019,25221.666666666668,32.333333333333336,7.933333333333334
Region IX,Isabela City,2020,24573.333333333332,22.666666666666668,5.626666666666667
Region IX,Isabela City,2021,23925.0,13.0,3.32
Region IX,Isabela City,2022,26847.5,11.5,3.01
Region IX,Isabela City,2023,29770.0,10.0,2.7
Region IX,Isabela City,2024,29770.0,10.0,2.7
Region IX,Isabela City,2025,29770.0,10.0,2.7
CAR,Kalinga,2015,24219.0,9.0,4.03
CAR,Kalinga,2016,24219.0,9.0,4.03
CAR,Kalinga,2017,24219.0,9.0,4.03
CAR,Kalinga,2018,24219.0,9.0,4.03
CAR,Kalinga,2019,24628.333333333332,8.0,3.54
CAR,Kalinga,2020,25037.666666666668,7.0,3.0500000000000003
CAR,Kalinga,2021,25447.0,6.0,2.56
CAR,Kalinga,2022,27900.0,4.3,1.885
CAR,Kalinga,2023,30353.0,2.6,1.21
CAR,Kalinga,2024,30353.0,2.6,1.21
CAR,Kalinga,2025,30353.0,2.6,1.21
Region I ,La Union,2015,22456.0,3.0,5.5
Region I ,La Union,2016,22456.0,3.0,5.5
Region I ,La Union,2017,22456.0,3.0,5.5
Region I ,La Union,2018,22456.0,3.0,5.5
Region I ,La Union,2019,24273.666666666668,4.333333333333333,8.12
Region I ,La Union,2020,26091.333333333332,5.666666666666666,10.739999999999998
Region I ,La Union,2021,27909.0,7.0,13.36
Region I ,La Union,2022,30606.5,6.65,13.254999999999999
Region I ,La Union,2023,33304.0,6.3,13.15
Region I ,La Union,2024,33304.0,6.3,13.15
Region I ,La Union,2025,33304.0,6.3,13.15
Region IV-A,Laguna,2015,23688.0,3.0,23.23
Region IV-A,Laguna,2016,23688.0,3.0,23.23
Region IV-A,Laguna,2017,23688.0,3.0,23.23
Region IV-A,Laguna,2018,23688.0,3.0,23.23
Region IV-A,Laguna,2019,25756.0,4.333333333333333,37.09
Region IV-A,Laguna,2020,27824.0,5.666666666666666,50.95
Region IV-A,Laguna,2021,29892.0,7.0,64.81
Region IV-A,Laguna,2022,34192.0,6.2,59.585
Region IV-A,Laguna,2023,38492.0,5.4,54.36
Region IV-A,Laguna,2024,38492.0,5.4,54.36
Region IV-A,Laguna,2025,38492.0,5.4,54.36
Region X,Lanao del Norte,2015,24450.0,19.0,44.26
Region X,Lanao del Norte,2016,24450.0,19.0,44.26
Region X,Lanao del Norte,2017,24450.0,19.0,44.26
Region X,Lanao del Norte,2018,24450.0,19.0,44.26
Region X,Lanao del Norte,2019,25829.666666666668,21.333333333333332,50.61333333333333
Region X,Lanao del Norte,2020,27209.333333333332,23.666666666666668,56.96666666666667
Region X,Lanao del Norte,2021,28589.0,26.0,63.32
Region X,Lanao del Norte,2022,30744.0,25.6,64.07
Region X,Lanao del Norte,2023,32899.0,25.2,64.82
Region X,Lanao del Norte,2024,32899.0,25.2,64.82
Region X,Lanao del Norte,2025,32899.0,25.2,64.82
BARMM,Lanao del Sur,2015,29224.0,64.2,109.12
BARMM,Lanao del Sur,2016,29224.0,64.2,109.12
BARMM,Lanao del Sur,2017,29224.0,64.2,109.12
BARMM,Lanao del Sur,2018,29224.0,64.2,109.12
BARMM,Lanao del Sur,2019,29177.0,45.266666666666666,77.16333333333334
BARMM,Lanao del Sur,2020,29130.0,26.333333333333336,45.20666666666667
BARMM,Lanao del Sur,2021,29083.0,7.4,13.25
BARMM,Lanao del Sur,2022,31298.0,9.75,17.84
BARMM,Lanao del Sur,2023,33513.0,12.1,22.43
BARMM,Lanao del Sur,2024,33513.0,12.1,22.43
BARMM,Lanao del Sur,2025,33513.0,12.1,22.43
Region VIII,Leyte,2015,23574.0,22.0,107.04
Region VIII,Leyte,2016,23574.0,22.0,107.04
Region VIII,Leyte,2017,23574.0,22.0,107.04
Region VIII,Leyte,2018,23574.0,22.0,107.04
Region VIII,Leyte,2019,24572.666666666668,21.666666666666668,108.50333333333334
Region VIII,Leyte,2020,25571.333333333332,21.333333333333332,109.96666666666667
Region VIII,Leyte,2021,26570.0,21.0,111.43
Region VIII,Leyte,2022,30177.5,20.8,113.85
Region VIII,Leyte,2023,33785.0,20.6,116.27
Region VIII,Leyte,2024,33785.0,20.6,116.27
Region VIII,Leyte,2025,33785.0,20.6,116.27
BARMM,Maguindanao,2015,25368.0,40.6,84.58
BARMM,Maguindanao,2016,25368.0,40.6,84.58
BARMM,Maguindanao,2017,25368.0,40.6,84.58
BARMM,Maguindanao,2018,25368.0,40.6,84.58
BARMM,Maguindanao,2019,25369.0,37.0,78.53
BARMM,Maguindanao,2020,25370.0,33.4,72.48
BARMM,Maguindanao,2021,25371.0,29.8,66.43
BARMM,Maguindanao,2022,26668.0,30.1,68.71000000000001
BARMM,Maguindanao,2023,27965.0,30.4,70.99
BARMM,Maguindanao,2024,27965.0,30.4,70.99
BARMM,Maguindanao,2025,27965.0,30.4,70.99
BARMM,Maguindanao del Norte,2015,28024.0,28.4,31.26
BARMM,Maguindanao del Norte,2016,28024.0,28.4,31.26
BARMM,Maguindanao del Norte,2017,28024.0,28.4,31.26
BARMM,Maguindanao del Norte,2018,28024.0,28.4,31.26
BARMM,Maguindanao del Norte,2019,28024.0,28.4,31.26
BARMM,Maguindanao del Norte,2020,28024.0,28.4,31.26
BARMM,Maguindanao del Norte,2021,28024.0,28.4,31.26
BARMM,Maguindanao del Norte,2022,28024.0,28.4,31.26
BARMM,Maguindanao del Norte,2023,28024.0,28.4,31.26
BARMM,Maguindanao del Norte,2024,28024.0,28.4,31.26
BARMM,Maguindanao del Norte,2025,28024.0,28.4,31.26
BARMM,Maguindanao del Sur,2015,27919.0,32.1,39.72
BARMM,Maguindanao del Sur,2016,27919.0,32.1,39.72
BARMM,Maguindanao del Sur,2017,27919.0,32.1,39.72
BARMM,Maguindanao del Sur,2018,27919.0,32.1,39.72
BARMM,Maguindanao del Sur,2019,27919.0,32.1,39.72
BARMM,Maguindanao del Sur,2020,27919.0,32.1,39.72
BARMM,Maguindanao del Sur,2021,27919.0,32.1,39.72
BARMM,Maguindanao del Sur,2022,27919.0,32.1,39.72
BARMM,Maguindanao del Sur,2023,27919.0,32.1,39.72
BARMM,Maguindanao del Sur,2024,27919.0,32.1,39.72
BARMM,Maguindanao del Sur,2025,27919.0,32.1,39.72
MIMAROPA,Marinduque,2015,24054.0,10.0,5.59
MIMAROPA,Marinduque,2016,24054.0,10.0,5.59
MIMAROPA,Marinduque,2017,24054.0,10.0,5.59
MIMAROPA,Marinduque,2018,24054.0,10.0,5.59
MIMAROPA,Marinduque,2019,25022.333333333332,12.0,6.753333333333333
MIMAROPA,Marinduque,2020,25990.666666666668,14.0,7.916666666666666
MIMAROPA,Marinduque,2021,26959.0,16.0,9.08
MIMAROPA,Marinduque,2022,28726.0,12.25,7.055
MIMAROPA,Marinduque,2023,30493.0,8.5,5.03
MIMAROPA,Marinduque,2024,30493.0,8.5,5.03
MIMAROPA,Marinduque,2025,30493.0,8.5,5.03
Region V,Masbate,2015,22911.0,26.0,51.07
Region V,Masbate,2016,22911.0,26.0,51.07
Region V,Masbate,2017,22911.0,26.0,51.07
Region V,Masbate,2018,22911.0,26.0,51.07
Region V,Masbate,2019,23789.0,24.0,47.85666666666667
Region V,Masbate,2020,24667.0,22.0,44.64333333333333
Region V,Masbate,2021,25545.0,20.0,41.43
Region V,Masbate,2022,27086.0,16.45,34.269999999999996
Region V,Masbate,2023,28627.0,12.9,27.11
Region V,Masbate,2024,28627.0,12.9,27.11
Region V,Masbate,2025,28627.0,12.9,27.11
Region X,Misamis Occidental,2015,24505.0,20.0,27.3
Region X,Misamis Occidental,2016,24505.0,20.0,27.3
Region X,Misamis Occidental,2017,24505.0,20.0,27.3
Region X,Misamis Occidental,2018,24505.0,20.0,27.3
Region X,Misamis Occidental,2019,26357.333333333332,19.333333333333332,27.03
Region X,Misamis Occidental,2020,28209.666666666668,18.666666666666668,26.759999999999998
Region X,Misamis Occidental,2021,30062.0,18.0,26.49
Region X,Misamis Occidental,2022,32330.0,20.3,29.96
Region X,Misamis Occidental,2023,34598.0,22.6,33.43
Region X,Misamis Occidental,2024,34598.0,22.6,33.43
Region X,Misamis Occidental,2025,34598.0,22.6,33.43
Region X,Misamis Oriental,2015,24118.0,11.0,45.42
Region X,Misamis Oriental,2016,24118.0,11.0,45.42
Region X,Misamis Oriental,2017,24118.0,11.0,45.42
Region X,Misamis Oriental,2018,24118.0,11.0,45.42
Region X,Misamis Oriental,2019,25502.0,11.666666666666666,48.663333333333334
Region X,Misamis Oriental,2020,26886.0,12.333333333333334,51.906666666666666
Region X,Misamis Oriental,2021,28270.0,13.0,55.15
Region X,Misamis Oriental,2022,31319.0,12.5,54.195
Region X,Misamis Oriental,2023,34368.0,12.0,53.24
Region X,Misamis Oriental,2024,34368.0,12.0,53.24
Region X,Misamis Oriental,2025,34368.0,12.0,53.24
CAR,Mt. Province,2015,27815.0,17.0,6.31
CAR,Mt. Province,2016,27815.0,17.0,6.31
CAR,Mt. Province,2017,27815.0,17.0,6.31
CAR,Mt. Province,2018,27815.0,17.0,6.31
CAR,Mt. Province,2019,28897.666666666668,16.333333333333332,6.156666666666666
CAR,Mt. Province,2020,29980.333333333332,15.666666666666666,6.003333333333333
CAR,Mt. Province,2021,31063.0,15.0,5.85
CAR,Mt. Province,2022,33591.5,12.75,4.984999999999999
CAR,Mt. Province,2023,36120.0,10.5,4.12
CAR,Mt. Province,2024,36120.0,10.5,4.12
CAR,Mt. Province,2025,36120.0,10.5,4.12
NIR,Negros Occidental,2015,23692.0,15.0,108.07
NIR,Negros Occidental,2016,23692.0,15.0,108.07
NIR,Negros Occidental,2017,23692.0,15.0,108.07
NIR,Negros Occidental,2018,23692.0,15.0,108.07
NIR,Negros Occidental,2019,24722.0,15.333333333333334,114.76666666666667
NIR,Negros Occidental,2020,25752.0,15.666666666666666,121.46333333333332
NIR,Negros Occidental,2021,26782.0,16.0,128.16
NIR,Negros Occidental,2022,31261.5,19.05,153.495
NIR,Negros Occidental,2023,35741.0,22.1,178.83
NIR,Negros Occidental,2024,35741.0,22.1,178.83
NIR,Negros Occidental,2025,35741.0,22.1,178.83
NIR,Negros Oriental,2015,25113.0,19.0,63.15
NIR,Negros Oriental,2016,25113.0,19.0,63.15
NIR,Negros Oriental,2017,25113.0,19.0,63.15
NIR,Negros Oriental,2018,25113.0,19.0,63.15
NIR,Negros Oriental,2019,25416.666666666668,20.666666666666668,68.77666666666667
NIR,Negros Oriental,2020,25720.333333333332,22.333333333333332,74.40333333333334
NIR,Negros Oriental,2021,26024.0,24.0,80.03
NIR,Negros Oriental,2022,28374.0,24.55,83.575
NIR,Negros Oriental,2023,30724.0,25.1,87.12
NIR,Negros Oriental,2024,30724.0,25.1,87.12
NIR,Negros Oriental,2025,30724.0,25.1,87.12
Region VIII,Northern Samar,2015,25971.0,28.0,37.13
Region VIII,Northern Samar,2016,25971.0,28.0,37.13
Region VIII,Northern Samar,2017,25971.0,28.0,37.13
Region VIII,Northern Samar,2018,25971.0,28.0,37.13
Region VIII,Northern Samar,2019,26171.333333333332,25.0,33.77333333333333
Region VIII,Northern Samar,2020,26371.666666666668,22.0,30.416666666666668
Region VIII,Northern Samar,2021,26572.0,19.0,27.06
Region VIII,Northern Samar,2022,30022.0,20.4,29.295
Region VIII,Northern Samar,2023,33472.0,21.8,31.53
Region VIII,Northern Samar,2024,33472.0,21.8,31.53
Region VIII,Northern Samar,2025,33472.0,21.8,31.53
Region III,Nueva Ecija,2015,25466.0,7.0,35.25
Region III,Nueva Ecija,2016,25466.0,7.0,35.25
Region III,Nueva Ecija,2017,25466.0,7.0,35.25
Region III,Nueva Ecija,2018,25466.0,7.0,35.25
Region III,Nueva Ecija,2019,26894.333333333332,8.0,42.513333333333335
Region III,Nueva Ecija,2020,28322.666666666668,9.0,49.776666666666664
Region III,Nueva Ecija,2021,29751.0,10.0,57.04
Region III,Nueva Ecija,2022,33045.0,8.45,49.114999999999995
Region III,Nueva Ecija,2023,36339.0,6.9,41.19
Region III,Nueva Ecija,2024,36339.0,6.9,41.19
Region III,Nueva Ecija,2025,36339.0,6.9,41.19
Region II,Nueva Vizcaya,2015,24857.0,12.0,14.16
Region II,Nueva Vizcaya,2016,24857.0,12.0,14.16
Region II,Nueva Vizcaya,2017,24857.0,12.0,14.16
Region II,Nueva Vizcaya,2018,24857.0,12.0,14.16
Region II,Nueva Vizcaya,2019,25076.0,11.666666666666666,14.183333333333334
Region II,Nueva Vizcaya,2020,25295.0,11.333333333333334,14.206666666666667
Region II,Nueva Vizcaya,2021,25514.0,11.0,14.23
Region II,Nueva Vizcaya,2022,27146.0,9.15,12.14
Region II,Nueva Vizcaya,2023,28778.0,7.3,10.05
Region II,Nueva Vizcaya,2024,28778.0,7.3,10.05
Region II,Nueva Vizcaya,2025,28778.0,7.3,10.05
MIMAROPA,Occidental Mindoro,2015,21341.0,16.0,19.33
MIMAROPA,Occidental Mindoro,2016,21341.0,16.0,19.33
MIMAROPA,Occidental Mindoro,2017,21341.0,16.0,19.33
MIMAROPA,Occidental Mindoro,2018,21341.0,16.0,19.33
MIMAROPA,Occidental Mindoro,2019,23114.333333333332,18.333333333333332,22.62333333333333
MIMAROPA,Occidental Mindoro,2020,24887.666666666668,20.666666666666668,25.916666666666668
MIMAROPA,Occidental Mindoro,2021,26661.0,23.0,29.21
MIMAROPA,Occidental Mindoro,2022,27957.0,21.8,28.195
MIMAROPA,Occidental Mindoro,2023,29253.0,20.6,27.18
MIMAROPA,Occidental Mindoro,2024,29253.0,20.6,27.18
MIMAROPA,Occidental Mindoro,2025,29253.0,20.6,27.18
MIMAROPA,Oriental Mindoro,2015,24470.0,7.0,14.69
MIMAROPA,Oriental Mindoro,2016,24470.0,7.0,14.69
MIMAROPA,Oriental Mindoro,2017,24470.0,7.0,14.69
MIMAROPA,Oriental Mindoro,2018,24470.0,7.0,14.69
MIMAROPA,Oriental Mindoro,2019,25068.333333333332,9.0,18.846666666666668
MIMAROPA,Oriental Mindoro,2020,25666.666666666668,11.0,23.003333333333334
MIMAROPA,Oriental Mindoro,2021,26265.0,13.0,27.16
MIMAROPA,Oriental Mindoro,2022,28728.0,13.55,29.08
MIMAROPA,Oriental Mindoro,2023,31191.0,14.1,31.0
MIMAROPA,Oriental Mindoro,2024,31191.0,14.1,31.0
MIMAROPA,Oriental Mindoro,2025,31191.0,14.1,31.0
MIMAROPA,Palawan,2015,23425.0,8.0,23.59
MIMAROPA,Palawan,2016,23425.0,8.0,23.59
MIMAROPA,Palawan,2017,23425.0,8.0,23.59
MIMAROPA,Palawan,2018,23425.0,8.0,23.59
MIMAROPA,Palawan,2019,23659.0,8.333333333333334,25.54
MIMAROPA,Palawan,2020,23893.0,8.666666666666666,27.490000000000002
MIMAROPA,Palawan,2021,24127.0,9.0,29.44
MIMAROPA,Palawan,2022,26871.0,12.4,40.81
MIMAROPA,Palawan,2023,29615.0,15.8,52.18
MIMAROPA,Palawan,2024,29615.0,15.8,52.18
MIMAROPA,Palawan,2025,29615.0,15.8,52.18
Region III,Pampanga,2015,26633.0,2.0,13.88
Region III,Pampanga,2016,26633.0,2.0,13.88
Region III,Pampanga,2017,26633.0,2.0,13.88
Region III,Pampanga,2018,26633.0,2.0,13.88
Region III,Pampanga,2019,28796.0,2.3333333333333335,15.99
Region III,Pampanga,2020,30959.0,2.6666666666666665,18.1
Region III,Pampanga,2021,33122.0,3.0,20.21
Region III,Pampanga,2022,35790.5,2.0,13.875
Region III,Pampanga,2023,38459.0,1.0,7.54
Region III,Pampanga,2024,38459.0,1.0,7.54
Region III,Pampanga,2025,38459.0,1.0,7.54
Region I ,Pangasinan,2015,27828.0,9.0,66.2
Region I ,Pangasinan,2016,27828.0,9.0,66.2
Region I ,Pangasinan,2017,27828.0,9.0,66.2
Region I ,Pangasinan,2018,27828.0,9.0,66.2
Region I ,Pangasinan,2019,28965.333333333332,10.666666666666666,78.66666666666667
Region I ,Pangasinan,2020,30102.666666666668,12.333333333333334,91.13333333333333
Region I ,Pangasinan,2021,31240.0,14.0,103.6
Region I ,Pangasinan,2022,32871.0,12.7,95.47999999999999
Region I ,Pangasinan,2023,34502.0,11.4,87.36
Region I ,Pangasinan,2024,34502.0,11.4,87.36
Region I ,Pangasinan,2025,34502.0,11.4,87.36
Region IV-A,Quezon,2015,22805.0,9.0,48.35
Region IV-A,Quezon,2016,22805.0,9.0,48.35
Region IV-A,Quezon,2017,22805.0,9.0,48.35
Region IV-A,Quezon,2018,22805.0,9.0,48.35
Region IV-A,Quezon,2019,24253.666666666668,11.333333333333334,61.913333333333334
Region IV-A,Quezon,2020,25702.333333333332,13.666666666666668,75.47666666666667
Region IV-A,Quezon,2021,27151.0,16.0,89.04
Region IV-A,Quezon,2022,28104.5,11.45,64.025
Region IV-A,Quezon,2023,29058.0,6.9,39.01
Region IV-A,Quezon,2024,29058.0,6.9,39.01
Region IV-A,Quezon,2025,29058.0,6.9,39.01
Region II,Quirino,2015,23580.0,9.0,4.04
Region II,Quirino,2016,23580.0,9.0,4.04
Region II,Quirino,2017,23580.0,9.0,4.04
Region II,Quirino,2018,23580.0,9.0,4.04
Region II,Quirino,2019,24740.0,8.0,3.6633333333333336
Region II,Quirino,2020,25900.0,7.0,3.2866666666666666
Region II,Quirino,2021,27060.0,6.0,2.91
Region II,Quirino,2022,28124.5,6.35,3.06
Region II,Quirino,2023,29189.0,6.7,3.21
Region II,Quirino,2024,29189.0,6.7,3.21
Region II,Quirino,2025,29189.0,6.7,3.21
Region IV-A,Rizal,2015,28647.0,3.0,23.65
Region IV-A,Rizal,2016,28647.0,3.0,23.65
Region IV-A,Rizal,2017,28647.0,3.0,23.65
Region IV-A,Rizal,2018,28647.0,3.0,23.65
Region IV-A,Rizal,2019,29837.0,3.3333333333333335,26.586666666666666
Region IV-A,Rizal,2020,31027.0,3.6666666666666665,29.523333333333333
Region IV-A,Rizal,2021,32217.0,4.0,32.46
Region IV-A,Rizal,2022,35636.0,4.8,38.2
Region IV-A,Rizal,2023,39055.0,5.6,43.94
Region IV-A,Rizal,2024,39055.0,5.6,43.94
Region IV-A,Rizal,2025,39055.0,5.6,43.94
MIMAROPA,Romblon,2015,24087.0,20.0,14.15
MIMAROPA,Romblon,2016,24087.0,20.0,14.15
MIMAROPA,Romblon,2017,24087.0,20.0,14.15
MIMAROPA,Romblon,2018,24087.0,20.0,14.15
MIMAROPA,Romblon,2019,25641.0,23.666666666666668,17.266666666666666
MIMAROPA,Romblon,2020,27195.0,27.333333333333332,20.383333333333333
MIMAROPA,Romblon,2021,28749.0,31.0,23.5
MIMAROPA,Romblon,2022,31064.0,27.0,20.725
MIMAROPA,Romblon,2023,33379.0,23.0,17.95
MIMAROPA,Romblon,2024,33379.0,23.0,17.95
MIMAROPA,Romblon,2025,33379.0,23.0,17.95
Region VIII,Samar,2015,23131.0,22.2,39.21
Region VIII,Samar,2016,23131.0,22.2,39.21
Region VIII,Samar,2017,23131.0,22.2,39.21
Region VIII,Samar,2018,23131.0,22.2,39.21
Region VIII,Samar,2019,23840.333333333332,23.8,43.13666666666667
Region VIII,Samar,2020,24549.666666666668,25.4,47.06333333333333
Region VIII,Samar,2021,25259.0,27.0,50.99
Region VIII,Samar,2022,27149.0,25.95,49.925
Region VIII,Samar,2023,29039.0,24.9,48.86
Region VIII,Samar,2024,29039.0,24.9,48.86
Region VIII,Samar,2025,29039.0,24.9,48.86
Region XII,Sarangani,2015,23282.0,36.1,48.28
Region XII,Sarangani,2016,23282.0,36.1,48.28
Region XII,Sarangani,2017,23282.0,36.1,48.28
Region XII,Sarangani,2018,23282.0,36.1,48.28
Region XII,Sarangani,2019,23544.666666666668,35.233333333333334,48.08
Region XII,Sarangani,2020,23807.333333333332,34.36666666666667,47.88
Region XII,Sarangani,2021,24070.0,33.5,47.68
Region XII,Sarangani,2022,25912.5,28.3,40.875
Region XII,Sarangani,2023,27755.0,23.1,34.07
Region XII,Sarangani,2024,27755.0,23.1,34.07
Region XII,Sarangani,2025,27755.0,23.1,34.07
NIR,Siquijor,2015,25649.0,7.0,1.73
NIR,Siquijor,2016,25649.0,7.0,1.73
NIR,Siquijor,2017,25649.0,7.0,1.73
NIR,Siquijor,2018,25649.0,7.0,1.73
NIR,Siquijor,2019,25633.666666666668,5.333333333333333,1.3366666666666667
NIR,Siquijor,2020,25618.333333333332,3.6666666666666665,0.9433333333333334
NIR,Siquijor,2021,25603.0,2.0,0.55
NIR,Siquijor,2022,28337.5,2.75,0.72
NIR,Siquijor,2023,31072.0,3.5,0.89
NIR,Siquijor,2024,31072.0,3.5,0.89
NIR,Siquijor,2025,31072.0,3.5,0.89
Region V,Sorsogon,2015,26069.0,20.0,34.36
Region V,Sorsogon,2016,26069.0,20.0,34.36
Region V,Sorsogon,2017,26069.0,20.0,34.36
Region V,Sorsogon,2018,26069.0,20.0,34.36
Region V,Sorsogon,2019,26423.666666666668,20.666666666666668,36.2
Region V,Sorsogon,2020,26778.333333333332,21.333333333333332,38.04
Region V,Sorsogon,2021,27133.0,22.0,39.88
Region V,Sorsogon,2022,30752.0,25.2,46.615
Region V,Sorsogon,2023,34371.0,28.4,53.35
Region V,Sorsogon,2024,34371.0,28.4,53.35
Region V,Sorsogon,2025,34371.0,28.4,53.35
Region XII,South Cotabato,2015,25240.0,13.7,54.04
Region XII,South Cotabato,2016,25240.0,13.7,54.04
Region XII,South Cotabato,2017,25240.0,13.7,54.04
Region XII,South Cotabato,2018,25240.0,13.7,54.04
Region XII,South Cotabato,2019,24978.333333333332,13.4,54.03333333333333
Region XII,South Cotabato,2020,24716.666666666668,13.1,54.02666666666667
Region XII,South Cotabato,2021,24455.0,12.8,54.02
Region XII,South Cotabato,2022,26345.5,11.45,49.24
Region XII,South Cotabato,2023,28236.0,10.1,44.46
Region XII,South Cotabato,2024,28236.0,10.1,44.46
Region XII,South Cotabato,2025,28236.0,10.1,44.46
Region VIII,Southern Leyte,2015,25756.0,17.0,16.37
Region VIII,Southern Leyte,2016,25756.0,17.0,16.37
Region VIII,Southern Leyte,2017,25756.0,17.0,16.37
Region VIII,Southern Leyte,2018,25756.0,17.0,16.37
Region VIII,Southern Leyte,2019,26770.333333333332,16.666666666666668,16.080000000000002
Region VIII,Southern Leyte,2020,27784.666666666668,16.333333333333332,15.790000000000001
Region VIII,Southern Leyte,2021,28799.0,16.0,15.5
Region VIII,Southern Leyte,2022,30124.0,11.55,11.22
Region VIII,Southern Leyte,2023,31449.0,7.1,6.94
Region VIII,Southern Leyte,2024,31449.0,7.1,6.94
Region VIII,Southern Leyte,2025,31449.0,7.1,6.94
Region XII,Sultan Kudarat,2015,23775.0,24.3,46.49
Region XII,Sultan Kudarat,2016,23775.0,24.3,46.49
Region XII,Sultan Kudarat,2017,23775.0,24.3,46.49
Region XII,Sultan Kudarat,2018,23775.0,24.3,46.49
Region XII,Sultan Kudarat,2019,24281.666666666668,24.133333333333333,46.63666666666667
Region XII,Sultan Kudarat,2020,24788.333333333332,23.96666666666667,46.78333333333333
Region XII,Sultan Kudarat,2021,25295.0,23.8,46.93
Region XII,Sultan Kudarat,2022,27255.0,25.1,49.935
Region XII,Sultan Kudarat,2023,29215.0,26.4,52.94
Region XII,Sultan Kudarat,2024,29215.0,26.4,52.94
Region XII,Sultan Kudarat,2025,29215.0,26.4,52.94
BARMM,Sulu,2015,29150.0,75.3,110.0
BARMM,Sulu,2016,29150.0,75.3,110.0
BARMM,Sulu,2017,29150.0,75.3,110.0
BARMM,Sulu,2018,29150.0,75.3,110.0
BARMM,Sulu,2019,29165.0,64.03333333333333,94.72666666666667
BARMM,Sulu,2020,29180.0,52.766666666666666,79.45333333333333
BARMM,Sulu,2021,29195.0,41.5,64.18
BARMM,Sulu,2022,29801.0,27.25,42.505
BARMM,Sulu,2023,30407.0,13.0,20.83
BARMM,Sulu,2024,30407.0,13.0,20.83
BARMM,Sulu,2025,30407.0,13.0,20.83
Region XIII,Surigao del Norte,2015,28293.0,27.7,32.76
Region XIII,Surigao del Norte,2016,28293.0,27.7,32.76
Region XIII,Surigao del Norte,2017,28293.0,27.7,32.76
Region XIII,Surigao del Norte,2018,28293.0,27.7,32.76
Region XIII,Surigao del Norte,2019,27676.666666666668,25.53333333333333,30.933333333333334
Region XIII,Surigao del Norte,2020,27060.333333333332,23.366666666666667,29.106666666666666
Region XIII,Surigao del Norte,2021,26444.0,21.2,27.28
Region XIII,Surigao del Norte,2022,28154.5,14.0,18.245
Region XIII,Surigao del Norte,2023,29865.0,6.8,9.21
Region XIII,Surigao del Norte,2024,29865.0,6.8,9.21
Region XIII,Surigao del Norte,2025,29865.0,6.8,9.21
Region XIII,Surigao del Sur,2015,24873.0,19.2,26.65
Region XIII,Surigao del Sur,2016,24873.0,19.2,26.65
Region XIII,Surigao del Sur,2017,24873.0,19.2,26.65
Region XIII,Surigao del Sur,2018,24873.0,19.2,26.65
Region XIII,Surigao del Sur,2019,25395.666666666668,20.8,29.55333333333333
Region XIII,Surigao del Sur,2020,25918.333333333332,22.4,32.45666666666666
Region XIII,Surigao del Sur,2021,26441.0,24.0,35.36
Region XIII,Surigao del Sur,2022,27719.0,17.15,25.585
Region XIII,Surigao del Sur,2023,28997.0,10.3,15.81
Region XIII,Surigao del Sur,2024,28997.0,10.3,15.81
Region XIII,Surigao del Sur,2025,28997.0,10.3,15.81
Region III,Tarlac,2015,25386.0,8.0,25.26
Region III,Tarlac,2016,25386.0,8.0,25.26
Region III,Tarlac,2017,25386.0,8.0,25.26
Region III,Tarlac,2018,25386.0,8.0,25.26
Region III,Tarlac,2019,26825.333333333332,8.0,26.37666666666667
Region III,Tarlac,2020,28264.666666666668,8.0,27.493333333333332
Region III,Tarlac,2021,29704.0,8.0,28.61
Region III,Tarlac,2022,33193.0,7.35,26.515
Region III,Tarlac,2023,36682.0,6.7,24.42
Region III,Tarlac,2024,36682.0,6.7,24.42
Region III,Tarlac,2025,36682.0,6.7,24.42
BARMM,Tawi-tawi,2015,21264.0,15.1,10.49
BARMM,Tawi-tawi,2016,21264.0,15.1,10.49
BARMM,Tawi-tawi,2017,21264.0,15.1,10.49
BARMM,Tawi-tawi,2018,21264.0,15.1,10.49
BARMM,Tawi-tawi,2019,22954.666666666668,19.433333333333334,13.716666666666667
BARMM,Tawi-tawi,2020,24645.333333333332,23.766666666666666,16.943333333333335
BARMM,Tawi-tawi,2021,26336.0,28.1,20.17
BARMM,Tawi-tawi,2022,28858.0,30.2,21.82
BARMM,Tawi-tawi,2023,31380.0,32.3,23.47
BARMM,Tawi-tawi,2024,31380.0,32.3,23.47
BARMM,Tawi-tawi,2025,31380.0,32.3,23.47
Region III,Zambales,2015,29977.0,11.0,23.21
Region III,Zambales,2016,29977.0,11.0,23.21
Region III,Zambales,2017,29977.0,11.0,23.21
Region III,Zambales,2018,29977.0,11.0,23.21
Region III,Zambales,2019,31112.333333333332,13.333333333333334,29.133333333333333
Region III,Zambales,2020,32247.666666666668,15.666666666666668,35.056666666666665
Region III,Zambales,2021,33383.0,18.0,40.98
Region III,Zambales,2022,36714.5,14.9,34.685
Region III,Zambales,2023,40046.0,11.8,28.39
Region III,Zambales,2024,40046.0,11.8,28.39
Region III,Zambales,2025,40046.0,11.8,28.39
Region IX,Zamboanga Sibugay,2015,23054.0,27.0,41.36
Region IX,Zamboanga Sibugay,2016,23054.0,27.0,41.36
Region IX,Zamboanga Sibugay,2017,23054.0,27.0,41.36
Region IX,Zamboanga Sibugay,2018,23054.0,27.0,41.36
Region IX,Zamboanga Sibugay,2019,23605.333333333332,26.666666666666668,41.78
Region IX,Zamboanga Sibugay,2020,24156.666666666668,26.333333333333332,42.199999999999996
Region IX,Zamboanga Sibugay,2021,24708.0,26.0,42.62
Region IX,Zamboanga Sibugay,2022,25632.5,21.9,36.54
Region IX,Zamboanga Sibugay,2023,26557.0,17.8,30.46
Region IX,Zamboanga Sibugay,2024,26557.0,17.8,30.46
Region IX,Zamboanga Sibugay,2025,26557.0,17.8,30.46
Region IX,Zamboanga del Norte,2015,28523.0,37.0,87.2
Region IX,Zamboanga del Norte,2016,28523.0,37.0,87.2
Region IX,Zamboanga del Norte,2017,28523.0,37.0,87.2
Region IX,Zamboanga del Norte,2018,28523.0,37.0,87.2
Region IX,Zamboanga del Norte,2019,30281.666666666668,38.333333333333336,91.40666666666667
Region IX,Zamboanga del Norte,2020,32040.333333333332,39.666666666666664,95.61333333333333
Region IX,Zamboanga del Norte,2021,33799.0,41.0,99.82
Region IX,Zamboanga del Norte,2022,35484.0,39.35,97.235
Region IX,Zamboanga del Norte,2023,37169.0,37.7,94.65
Region IX,Zamboanga del Norte,2024,37169.0,37.7,94.65
Region IX,Zamboanga del Norte,2025,37169.0,37.7,94.65
Region IX,Zamboanga del Sur,2015,23977.0,17.0,74.19
Region IX,Zamboanga del Sur,2016,23977.0,17.0,74.19
Region IX,Zamboanga del Sur,2017,23977.0,17.0,74.19
Region IX,Zamboanga del Sur,2018,23977.0,17.0,74.19
Region IX,Zamboanga del Sur,2019,24006.666666666668,15.666666666666666,69.07
Region IX,Zamboanga del Sur,2020,24036.333333333332,14.333333333333334,63.949999999999996
Region IX,Zamboanga del Sur,2021,24066.0,13.0,58.83
Region IX,Zamboanga del Sur,2022,28037.0,16.5,74.15
Region IX,Zamboanga del Sur,2023,32008.0,20.0,89.47
Region IX,Zamboanga del Sur,2024,32008.0,20.0,89.47
Region IX,Zamboanga del Sur,2025,32008.0,20.0,89.47
